"Country_Region","country_lat","country_long","country_cases","country_deaths","country_incident_rate","country_fatality_ratio","Last_Update","Alcoholic.Beverages","Animal.fats","Animal.Products","Aquatic.Products..Other","Cereals...Excluding.Beer","Eggs","Fish..Seafood","Fruits...Excluding.Wine","Meat","Milk...Excluding.Butter","Miscellaneous","Offals","Oilcrops","Pulses","Spices","Starchy.Roots","Stimulants","Sugar...Sweeteners","Sugar.Crops","Treenuts","Vegetable.Oils","Vegetables","Vegetal.Products","Obesity","Undernourished","Population"
"Afghanistan",33.93911,67.709953,171246,7501,439.90058553998,0.0438024829777046,"2022-02-15 04:21:09",0.0014,0.1973,9.4341,0,24.8097,0.2099,0.035,5.3495,1.202,7.5828,0.0728,0.2057,0.07,0.2953,0.0574,0.8802,0.3078,1.3489,0,0.077,0.5345,6.7642,40.5645,4.5,"29.8",38042000
"Albania",41.1533,20.1683,268304,3414,9323.2330252276,0.012724372353748,"2022-02-15 04:21:09",1.6719,0.1357,18.7684,0,5.7817,0.5815,0.2126,6.7861,1.8845,15.7213,0.1123,0.2324,0.9377,0.238,8e-04,1.8096,0.1055,1.5367,0,0.1515,0.3261,11.7753,31.2304,22.3,"6.2",2858000
"Algeria",28.0339,1.6596,262165,6744,597.853510576704,0.0257242576240154,"2022-02-15 04:21:09",0.2711,0.0282,9.6334,0,13.6816,0.5277,0.2416,6.3801,1.1305,7.6189,0.1671,0.087,0.3493,0.4783,0.0557,4.134,0.2216,1.8342,0,0.1152,1.031,11.6484,40.3651,26.6,"3.9",43406000
"Angola",-11.2027,17.8739,98514,1898,299.741972529403,0.0192662971760359,"2022-02-15 04:21:09",5.8087,0.056,4.9278,0,9.1085,0.0587,1.7707,6.0005,2.0571,0.8311,0.1165,0.155,0.4186,0.6507,9e-04,18.1102,0.0508,1.8495,0,0.0061,0.6463,2.3041,45.0722,6.8,"25",31427000
"Antigua and Barbuda",17.0608,-61.7964,7331,134,7486.11224573156,0.0182785431728277,"2022-02-15 04:21:09",3.5764,0.0087,16.6613,0,5.996,0.2274,4.1489,10.7451,5.6888,6.3663,0.7139,0.2219,0.2172,0.184,0.1524,1.4522,0.1564,3.8749,0,0.0253,0.8102,5.4495,33.3233,19.1,NA,97000
"Argentina",-38.4161,-63.6167,8747601,124349,19354.9078711491,0.0142152116906109,"2022-02-15 04:21:09",4.2672,0.2234,19.3454,0,8.4102,0.9979,0.4693,6.0435,7.0421,10.2328,0,0.3779,0.0116,0.0528,0.0122,3.042,0.4378,3.0536,0,0.02,0.9541,4.3503,30.6559,28.5,"4.6",44939000
"Armenia",40.0691,45.0382,407074,8186,13737.4908630233,0.0201093658646831,"2022-02-15 04:21:09",0.4014,0.1833,13.564,0,7.2982,0.5783,0.2896,6.0989,2.2675,9.9407,0.2355,0.304,0.0899,0.1441,0.0055,2.0359,0.1863,2.6579,0,0.1108,0.4705,16.7019,36.4358,20.9,"4.3",2962000
"Australia",-32.106275,141.3554875,2945496,4664,9503.8485087012,0.00158343450474895,"2022-02-15 04:21:09",5.5436,0.3143,21.4175,0.0033,5.4979,0.4428,1.4264,4.1883,6.7049,12.1018,0.5293,0.424,0.3694,0.0546,0.0458,2.7884,0.2928,2.5364,0,0.3176,1.2798,5.1406,28.5806,30.4,"<2.5",25305000
"Austria",47.5162,14.5501,2299229,14392,25528.8350506307,0.00625948959412046,"2022-02-15 04:21:09",7.0215,0.8555,19.5654,0.0011,6.2116,0.7884,0.7562,4.6069,4.681,12.3776,5e-04,0.1052,0.2683,0.0456,0.0494,3.0548,0.4106,2.6094,0,0.2367,0.8109,5.1098,30.4338,21.9,"<2.5",8877000
"Azerbaijan",40.1431,47.5769,747918,9077,7376.51732019617,0.0121363571942379,"2022-02-15 04:21:09",3.5969,0.2544,11.6416,0,13.0898,0.5593,0.202,4.7988,2.1513,8.3212,0.0145,0.1534,0.0145,0.0347,0.0044,4.7041,0.0587,1.5523,0,0.1906,0.2235,10.0755,38.3584,19.9,"<2.5",10023000
"Bahamas",25.025885,-78.035889,32950,766,8378.93644722923,0.023247344461305,"2022-02-15 04:21:09",2.0175,0.0062,11.4718,9e-04,3.7246,0.625,2.4144,13.2718,5.9269,2.1757,2.9316,0.3218,0.6993,0.0504,0.0884,1.0547,0.1556,6.2151,0,0.0495,0.511,7.7649,38.5229,32.1,NA,389000
"Bangladesh",23.685,90.3563,1914356,28838,1162.40401483561,0.0150640737668438,"2022-02-15 04:21:09",0.0031,0.0156,5.1926,0,29.8045,0.2957,2.5221,2.8655,0.4191,1.8778,0.0197,0.0633,0.082,0.7065,0.3195,5.3378,0.0529,0.9285,0.195,0.0934,0.7615,3.6405,44.8033,3.4,"14.7",163667000
"Barbados",13.1939,-59.5432,51895,299,18058.5375699009,0.00576163406879275,"2022-02-15 04:21:09",3.565,0.2212,12.4976,0,8.0666,0.7792,3.275,5.8723,5.8477,2.2041,3.302,0.1704,0.8734,0.6391,0.1565,4.0812,0.1721,4.3344,0,0.0852,0.8677,5.4725,37.5167,24.8,"3.9",287000
"Belarus",53.7098,27.9534,838571,6265,8874.4048381889,0.00747104300053305,"2022-02-15 04:21:09",3.7563,0.3353,12.7089,0,6.2814,0.7565,0.8372,3.5665,4.1893,6.2104,0.5035,0.3795,0.072,0.001,0.0067,9.1691,0.1142,4.0155,0,0.1399,0.8804,8.7859,37.2904,26.6,"<2.5",9467000
"Belgium",50.7101090909091,4.55578181818182,3447539,29724,30218.4097130593,0.00862180239295335,"2022-02-15 04:21:09",5.373,0.8559,17.7279,0.001,6.6704,0.6487,1.1325,4.1623,3.237,11.6344,0,0.2185,0.0965,0.1132,0.0409,4.4157,0.2461,3.6514,0,0.1309,0.564,6.8161,32.2637,24.5,"<2.5",11458000
"Belize",17.1899,-88.4976,55518,632,13962.5422198526,0.0113836953780756,"2022-02-15 04:21:09",3.3803,0.0832,8.6856,0,11.07,0.3923,1.0325,12.6094,3.489,3.6317,1.7653,0.0569,0.394,1.1259,0.0195,1.0614,0.0849,3.9798,0,0.034,1.0198,4.7721,41.3122,22.4,"7.5",408000
"Benin",9.3077,2.3158,26552,163,219.018117166774,0.0061388972582103,"2022-02-15 04:21:09",5.9019,0.0132,3.7504,0,9.623,0.0711,1.2267,2.9523,1.4107,0.9458,0.145,0.0829,0.6628,0.7367,0.4461,19.7771,0.0042,0.6635,0,0.4028,0.7381,4.1964,46.2493,8.2,"10.1",11801000
"Bolivia",-16.2902,-63.5887,885004,21314,7581.61399239221,0.0240835069672001,"2022-02-15 04:21:09",2.8956,0.0889,11.7799,0,12.3079,0.6626,0.2307,7.5088,6.4098,4.2873,0.1661,0.1006,0.1374,0.3654,0.0422,7.7315,0.2083,2.5724,0,0.7084,0.3573,3.2224,38.2165,18.7,"17.1",11470000
"Bosnia and Herzegovina",43.9159,17.6791,364610,15096,11113.3971284574,0.0414031430843915,"2022-02-15 04:21:09",4.7876,0.0585,12.4319,0,8.7152,0.2576,0.2465,4.6409,1.8165,9.9443,0.486,0.1089,0.0963,0.2718,0.3922,4.0495,0.3504,1.6391,0,0.0822,0.4205,11.6394,37.5645,19.4,"<2.5",3493000
"Botswana",-22.3285,24.6849,260491,2603,11077.0637325254,0.00999266769293373,"2022-02-15 04:21:09",4.2717,0.3402,14.4486,0,11.432,0.1402,0.3551,2.8465,2.284,11.0217,1.6092,0.3056,0.2019,0.2729,0.1626,4.7614,0.1336,4.7857,9e-04,0.015,1.0065,4.0558,35.5491,16.1,"26.4",2283000
"Brazil",-12.6695222222222,-48.4804925925926,27552267,639151,15013.8464491801,0.0231977644525585,"2022-02-15 04:21:09",4.3629,0.2803,17.347,0,8.4292,0.5042,0.5899,6.0936,6.4784,9.3416,6e-04,0.1512,0.7093,0.9254,0.0071,3.3959,0.3024,2.7755,1.0111,0.0513,1.2823,3.307,32.6537,22.3,"<2.5",209332000
"Bulgaria",42.7339,25.4858,1042954,34591,15009.8907021643,0.0331663716712338,"2022-02-15 04:21:09",7.0834,0.2488,17.2483,0.0103,8.875,0.5924,0.4845,3.9812,4.0073,11.5992,0.2254,0.3058,0.345,0.1512,0.6048,1.8576,0.2818,2.3627,0,0.0797,0.7085,6.2037,32.7435,27.4,"3.6",6975000
"Burkina Faso",12.2383,-1.5616,20721,375,99.1279932267083,0.018097582163023,"2022-02-15 04:21:09",15.3706,0.0231,4.6611,0,21.2005,0.2406,0.7077,0.6596,1.2029,2.3195,0.1373,0.1664,1.8664,1.4294,0.0321,0.9723,0.0211,1.1287,0,0.0712,0.9503,1.5036,45.3359,4.5,"20",20321000
"Myanmar",21.9162,95.956,548357,19311,1007.82774512986,0.0352161092135233,"2022-02-15 04:21:09",0.2195,0.1751,13.5188,0.0034,16.7608,0.4613,4.0424,4.0287,4.9753,3.6306,0.3391,0.2298,1.1003,1.2806,0.217,1.4514,0.2298,2.8592,0,0.2913,0.6322,7.0725,36.4807,5.7,"10.6",54045000
"Cabo Verde",16.5388,-23.0418,55844,400,10044.1016712591,0.00716281068691354,"2022-02-15 04:21:09",3.9814,0.0363,9.7559,0.0029,14.7961,0.4602,1.0598,4.6402,3.0725,5.0192,1.119,0.105,0.5394,1.139,0.2731,3.843,0.1671,2.1396,0,0.0258,0.9471,6.6338,40.2437,10.6,"12.6",550000
"Cambodia",11.55,104.9167,123955,3015,741.403283730799,0.0243233431487233,"2022-02-15 04:21:09",4.5783,0.0377,6.08,0,24.8906,0.131,4.2369,2.3184,1.2247,0.3285,0.4853,0.1211,0.79,0.4903,0.0784,3.0519,0.126,2.9923,0.8367,0.0238,0.2511,3.0072,43.9195,3.5,"16.4",16487000
"Cameroon",3.848,11.5021,118675,1915,447.056460471582,0.0161365072677481,"2022-02-15 04:21:09",5.156,0.0146,2.933,0,10.3112,0.0256,1.3206,7.2151,0.876,0.6289,0.0717,0.0673,0.8658,1.4734,0.283,11.3883,0.0234,0.6479,0,0.1324,0.6398,8.859,47.067,9.5,"9.9",25876000
"Canada",54.5273538461539,-92.5075307692308,3202974,35571,8155.68076720422,0.0111056162179275,"2022-02-15 04:21:09",4.8441,0.8084,16.0365,0.006,6.4236,0.7668,1.2148,5.0692,4.4707,8.7596,0.6071,0.0097,0.4334,0.6304,0.0574,3.494,0.4053,5.0237,0,0.1439,1.3441,5.4961,33.9551,31.3,"<2.5",37413000
"Central African Republic",6.6111,20.9394,14187,113,293.741060639816,0.00796503841545076,"2022-02-15 04:21:09",1.7435,0.1228,6.9032,0,3.8844,0.051,0.8041,4.5543,3.7346,1.7581,0.0614,0.4338,0.697,0.8936,0.0031,27.7128,0.2008,0.7022,0,0,0.724,1.9214,43.0942,6.3,"59.6",4745000
"Chad",15.4542,18.7322,7216,190,43.9307314156295,0.026330376940133,"2022-02-15 04:21:09",0.8297,0.2023,12.2804,0,21.6017,0.0495,1.0451,1.0669,3.8543,5.9037,0.064,1.2256,3.0304,1.4133,0,6.991,0.0087,1.3449,0,0,0.4556,0.9141,37.7189,4.8,"37.5",16350000
"Chile",-34.36843125,-71.32456875,2652713,40666,16741.844681142,0.0153299659631479,"2022-02-15 04:21:09",4.969,0.1782,15.0394,0.0155,10.8579,0.7757,0.8711,3.9109,6.1492,6.9966,0.3024,0.0525,0.2588,0.2677,0.0133,4.7183,0.1353,3.5582,0,0.119,0.5435,5.3092,34.9584,28.8,"2.7",19107000
"China",32.7159181818182,111.70973030303,125667,4857,14.2572614906015,0.0386497648547351,"2022-02-15 04:21:09",2.3224,0.0866,13.424,0.0542,8.9298,1.2059,3.3435,4.2451,6.0732,1.7962,1.3773,0.8643,0.4401,0.0704,0.0364,1.9016,0.1781,3.1065,0.0253,0.2665,0.579,13.099,36.5744,6.6,"8.5",1398030000
"Colombia",5.34913939393939,-74.190796969697,6023257,137301,9300.39209040241,0.022795142229528,"2022-02-15 04:21:09",3.1032,0.0814,12.821,0,8.1055,0.8132,0.4552,11.3276,3.554,7.7443,0.0776,0.1729,0.2276,0.3503,0.0343,5.0309,0.0057,4.7518,0.028,0.0947,0.9454,3.0981,37.1774,22.1,"4.8",50374000
"Congo",-0.228,15.8277,23874,375,432.649546256206,0.0157074641869817,"2022-02-15 04:21:09",4.9612,0.0122,6.1258,0,6.2564,0.0457,2.3945,4.0015,3.2735,0.0963,0.173,0.3044,0.3632,0.2408,0.0033,23.2457,0.0171,1.3907,0,0.0016,0.67,2.552,43.8709,8.4,"40.3",5381000
"Congo",-4.0383,21.7587,85793,1316,95.7923794941848,0.0153392467916963,"2022-02-15 04:21:09",4.9612,0.0122,6.1258,0,6.2564,0.0457,2.3945,4.0015,3.2735,0.0963,0.173,0.3044,0.3632,0.2408,0.0033,23.2457,0.0171,1.3907,0,0.0016,0.67,2.552,43.8709,8.4,"40.3",5381000
"Costa Rica",9.7489,-83.7534,766520,7806,15047.1701261495,0.0101836873140949,"2022-02-15 04:21:09",1.6982,0.1529,18.677,7e-04,8.6611,0.7582,1.3317,9.5203,3.8631,12.4535,0.0274,0.1161,0.2914,0.8354,0.0433,1.5676,0.3181,3.9006,0,0.0397,1.4363,2.9837,31.3238,25.7,"4.8",5060000
"Cote d'Ivoire",7.54,-5.5471,81213,791,307.878358232295,0.00973981997955992,"2022-02-15 04:21:09",1.4487,0.0132,2.9144,0,11.4585,0.1587,1.3914,4.8741,0.9586,0.1285,0.0163,0.2648,0.6055,0.1727,0.1247,23.308,0.0759,0.7859,0,0.5443,0.8656,2.8098,47.0806,9,"19",25514000
"Croatia",45.1,15.2,1018367,14537,24806.3463822581,0.0142748144824017,"2022-02-15 04:21:09",4.9846,0.2296,17.311,5e-04,5.7726,0.3955,0.9196,3.4094,3.6945,11.8824,0,0.1889,0.3494,0.0373,0.0236,1.8078,0.2458,3.088,0,0.0761,0.3808,12.5188,32.6838,27.1,"<2.5",4055000
"Cuba",21.521757,-77.781167,1061524,8476,9371.94304106363,0.0079847464588648,"2022-02-15 04:21:09",2.0589,0.1202,10.0096,0,9.9309,0.5263,0.3368,9.0347,3.2837,5.5971,0.0787,0.1456,0.5346,1.1336,0.0089,5.1555,0.0657,3.1617,0,6e-04,0.4535,8.374,39.9895,26.7,"<2.5",11212000
"Cyprus",35.1264,33.4299,293040,788,24271.1169236044,0.00268905268905269,"2022-02-15 04:21:09",3.4447,0.0277,16.1736,0.0015,7.0646,0.5746,1.8209,6.198,5.3167,8.2744,1.4858,0.1584,0.4089,0.211,0.0307,1.7705,0.2387,4.2194,0,0.1781,1.1937,7.3888,33.8191,22.6,"5.6",1250000
"Czechia",49.8175,15.473,3403469,37873,31781.442904657,0.0111277640548511,"2022-02-15 04:21:09",9.8498,0.8945,17.8065,6e-04,5.6937,0.4964,0.5355,3.3962,4.7618,10.983,0.1099,0.134,0.0949,0.1139,0.0316,3.3991,0.134,3.8081,0,0.0477,0.9854,4.5289,32.1944,28.5,"<2.5",10670000
"Denmark",63.2878,-13.3381,2397366,4140,40100.0946288083,0.00172689526755614,"2022-02-15 04:21:09",4.8866,1.2415,23.2141,0.001,6.7226,0.8206,1.1797,3.1098,3.6804,15.9557,0,0.3347,0.1185,0.0369,0.0774,3.1113,0.4069,2.8728,0,0.1138,0.0915,5.2431,26.7812,21.3,"<2.5",5819000
"Djibouti",11.8251,42.5903,15534,189,1572.26402375704,0.0121668597914253,"2022-02-15 04:21:09",0.3778,0.0579,5.5215,0,20.2702,0.1275,0.4276,3.2735,1.7428,2.9085,1.1831,0.2572,0.0568,1.5724,0.1506,1.8633,0.1309,4.2005,0,0.0406,1.6153,9.7637,44.4582,12.2,"18.9",974000
"Dominica",15.415,-61.371,10527,53,14622.6611659791,0.00503467274627149,"2022-02-15 04:21:09",0.941,0.0319,8.9011,0,3.4014,0.1244,1.4188,19.3028,2.782,4.4217,0.6745,0.1219,1.1058,0.2255,0.1512,6.8477,0.2553,3.1738,0,0.0035,0.3797,4.6371,41.0989,28.2,"6.2",72000
"Dominican Republic",18.7357,-70.1627,569702,4347,5251.724204049,0.00763030496645615,"2022-02-15 04:21:09",3.21,0.1122,11.2417,6e-04,6.9232,0.6445,0.6059,18.4431,3.5009,6.1202,0.0906,0.2567,1.1395,0.5881,0.026,2.0198,0.142,2.1332,0,0.0108,1.2948,2.7385,38.7577,26.9,"9.5",10400000
"Ecuador",-1.8312,-78.1834,799140,35036,4529.48638161407,0.0438421302900618,"2022-02-15 04:21:09",3.2929,0.1277,15.3469,0.0328,14.9132,0.6902,0.6893,8.039,4.0115,9.5745,0.1526,0.22,0.1765,0.157,0.0177,2.2701,0.0071,1.737,0,0.016,1.3777,2.4981,34.6522,19.3,"7.9",17268000
"Egypt",26.820553,30.802498,457081,23409,446.654288880739,0.0512141174102621,"2022-02-15 04:21:09",0.0722,0.0896,6.7374,0,17.5311,0.2307,1.5844,6.9387,1.7583,2.7568,0.0187,0.317,0.6541,0.3063,0.0655,2.6919,0.0863,1.7984,2.0338,0.0268,0.3839,10.6559,43.2622,31.1,"4.5",99064000
"El Salvador",13.7942,-88.8965,147786,4002,2278.46778106321,0.0270796963176485,"2022-02-15 04:21:09",2.1651,0.1113,12.888,0,11.7265,0.7533,0.573,5.9517,2.6337,8.7381,0.592,0.0794,1.4273,1.4661,0.0121,2.2462,0.2649,3.526,0,0.0155,0.4565,7.2703,37.1029,22.7,"9",6454000
"Estonia",58.5953,25.0136,423499,2115,31925.1073658596,0.00499410860474287,"2022-02-15 04:21:09",6.1949,0.4556,22.3154,5e-04,6.3498,0.6145,0.7127,3.5061,3.081,17.3068,0.1501,0.1457,0.0518,0.1472,0.0576,3.2403,0.2121,2.3886,0,0.0886,0.3472,4.9558,27.6779,23.8,"2.9",1328000
"Eswatini",-26.5225,31.4659,68815,1384,5931.48899638327,0.0201118942091114,"2022-02-15 04:21:09",6.2239,0.1024,7.4118,0.0019,14.7814,0.1578,0.3643,8.5537,2.5917,3.9299,0.6695,0.262,0.3005,0.3578,0.1615,5.3187,0.0648,3.1796,0,0.0892,0.3258,2.5701,42.5816,13.5,"20.6",1096000
"Ethiopia",9.145,40.4897,467575,7426,406.715751021782,0.0158819440731433,"2022-02-15 04:21:09",2.4543,0.0276,5.2956,0,22.0779,0.0594,0.0608,1.1774,0.7462,4.2647,0.018,0.1382,0.2322,3.0195,0.4298,11.2918,0.2957,1.317,0,0.0802,0.4699,1.8449,44.6989,3.6,"20.6",112079000
"Fiji",-17.7134,178.065,63509,820,7084.54738946326,0.012911555842479,"2022-02-15 04:21:09",1.8598,0.2922,7.8511,0.0021,10.144,0.2682,2.3832,2.1636,3.0004,1.7421,0.2586,0.1642,4.3799,0.7746,0.05,7.8599,0.1238,9.7259,0,0.0157,0.8683,3.9255,42.1469,30,"3.7",892000
"Finland",61.92411,25.748151,582383,2214,10510.9662682706,0.00380162195668486,"2022-02-15 04:21:09",4.5004,0.519,26.8865,0,5.1978,0.3979,1.5306,3.1864,3.4915,20.8378,0.7944,0.1097,0.0883,0.0533,0.0168,2.7671,0.545,1.8388,0,0.046,0.2468,3.8325,23.1132,24.9,"<2.5",5521000
"France",6.43080791666667,-34.7302845,21884370,136187,22794.6253064403,0.00622302583990309,"2022-02-15 04:21:09",4.1631,0.7907,21.7097,0.0011,6.9951,0.611,1.8214,4.878,4.4005,13.784,0.1918,0.301,0.1479,0.0991,0.0164,2.6963,0.2925,2.611,0,0.2093,0.8675,5.1223,28.2903,23.2,"<2.5",64834000
"Gabon",-0.8037,11.6094,47446,302,2131.70701900681,0.00636513088563841,"2022-02-15 04:21:09",6.1881,0.0109,8.1825,0,9.1158,0.0701,2.2578,9.0341,4.32,0.9486,0.4751,0.5758,0.8509,0.0139,0.0015,11.8727,0.0212,1.2508,0.1248,0.0051,0.4824,2.3979,41.8004,13.4,"10.5",2176000
"Gambia",13.4432,-15.3101,11911,365,492.869509373252,0.0306439425740912,"2022-02-15 04:21:09",2.8419,0.0114,10.1417,0,21.8908,0.2008,3.9197,0.8742,1.1134,4.8167,0.9824,0.0812,3.1637,0.1281,0.0043,0.8614,0.2719,4.1176,0,0.0897,2.2026,2.4575,39.8291,8.7,"10.2",2348000
"Georgia",42.3154,43.3569,1458093,15577,36551.2417981161,0.0106831320087265,"2022-02-15 04:21:09",2.5343,0.2356,15.5347,0,15.6253,0.5032,0.6622,3.1735,2.6217,11.3605,0.7882,0.1507,0.084,0.0025,0.0247,3.7542,0.2397,3.311,0,0.1631,0.668,4.0993,34.4636,23.3,"7.9",3997000
"Germany",51.57184375,10.27788125,12628843,120227,15036.3446393046,0.00952003283277811,"2022-02-15 04:21:09",6.7714,0.6715,20.8485,0.0011,6.0363,0.5947,0.6758,3.6131,4.6524,14.1789,0,0.0747,0.1701,0.0419,0.0429,3.5712,0.3493,2.507,0,0.1903,0.8104,5.0542,29.1443,25.7,"<2.5",83100000
"Ghana",7.9465,-1.0232,157917,1426,508.213817518745,0.00903006009485996,"2022-02-15 04:21:09",0.9444,0.0088,2.8956,0,6.323,0.0705,1.4992,10.4274,0.8069,0.4178,0.1657,0.0917,0.7957,0.392,0.238,24.6325,0.0053,0.8128,0.2815,0.0364,0.3655,1.6849,47.1041,9.7,"5.5",30281000
"Greece",39.0742,21.8243,2194453,24836,21053.8348829748,0.0113176267616577,"2022-02-15 04:21:09",2.2879,0.2116,17.6914,5e-04,7.2801,0.4539,1.026,6.3296,3.7836,12.0221,0.0596,0.1947,0.8112,0.2539,0.0243,3.1307,0.256,1.7744,0,0.6676,1.5237,7.9134,32.3038,27.4,"<2.5",10701000
"Grenada",12.1165,-61.679,13266,213,11790.008798514,0.0160560832202623,"2022-02-15 04:21:09",3.1315,0.1276,12.1319,0.0019,7.6569,0.9226,2.5802,11.0608,5.6546,2.7183,1.2873,0.1266,1.3768,0.6417,0.3171,2.2222,0.1104,5.448,0,0.0143,0.9959,3.6085,37.8648,20.2,NA,112000
"Guatemala",15.7835,-90.2308,735957,16643,4107.91910744438,0.0226140929429301,"2022-02-15 04:21:09",1.7037,0.0957,10.3765,0,15.1579,1.4676,0.2807,6.7124,3.9589,4.4093,0.0348,0.1632,0.5276,1.6504,0.0403,1.3316,0.2872,5.3058,0,0.198,0.8747,5.7997,39.624,18.8,"15.2",17581000
"Guinea",9.9456,-9.6966,36329,436,276.62815340409,0.0120014313633736,"2022-02-15 04:21:09",0.311,0.0213,3.8776,0,17.2911,0.1648,0.8939,7.9395,1.1561,1.4724,0.2312,0.1692,0.9506,0.3925,0,11.7958,0.1196,1.3368,0,9e-04,1.3271,4.4286,46.1202,6.6,"16.5",12218000
"Guinea-Bissau",11.8037,-15.1804,7849,164,398.831706129783,0.0208943814498662,"2022-02-15 04:21:09",2.4603,0.0423,4.9295,0,21.6069,0.1038,0.1666,6.366,2.2155,2.1899,0.5331,0.2114,0.328,0.2499,0.0013,8.1087,0.0167,0.7893,0,0.4485,1.8016,2.3642,45.0666,8.2,"28",1879000
"Guyana",4.860416,-58.93018,62265,1196,7916.12580874416,0.0192082229181723,"2022-02-15 04:21:09",1.8708,0.0206,9.1155,0,9.7847,0.1038,1.7011,5.7954,2.5237,4.7277,0.3516,0.0385,1.8367,0.3907,0.1942,1.8384,0.0742,3.2325,0,0.0435,0.2779,15.2061,40.8722,19.2,"8.1",783000
"Haiti",18.9712,-72.2852,29983,807,262.950346208163,0.0269152519761198,"2022-02-15 04:21:09",1.2733,0.0402,3.5986,0,13.4196,0.0525,0.5064,12.0278,1.9687,0.8765,0.3309,0.1532,0.4829,2.0067,0.0022,11.48,0.3801,2.0961,0,0,0.8742,2.0302,46.3997,20.5,"49.3",11263000
"Honduras",15.2,-86.2419,391874,10512,3956.48166994595,0.0268249488355951,"2022-02-15 04:21:09",2.0662,0.1378,13.6048,0,14.1699,0.4601,0.3339,6.8464,3.508,9.0154,0.6923,0.1505,0.1749,1.3962,0.0138,0.6796,0.4686,5.9591,0,0.0276,1.2467,2.6599,36.3883,19.4,"12.9",9746000
"Hungary",47.1625,19.5033,1717072,42631,17774.4284627369,0.0248277299961795,"2022-02-15 04:21:09",6.7533,1.0595,20.0268,7e-04,7.5908,0.8885,0.4113,3.0852,5.2042,12.4568,0.0039,0.0052,0.0679,0.1906,0.1802,3.046,0.1031,2.5433,0,0.0183,0.7214,5.6788,29.9644,28.6,"<2.5",9770000
"Iceland",64.9631,-19.0208,92127,55,26996.9230769231,0.000597001964679193,"2022-02-15 04:21:09",4.7545,0.9461,23.97,0.0025,4.1196,0.5557,4.6117,4.8405,4.6269,13.0028,1.4022,0.2232,0.1759,0.0376,0.0676,1.9909,0.4626,3.9472,0,0.0752,0.4667,3.6874,26.0331,23.1,"<2.5",361000
"India",23.0882745055556,81.80612685,42692943,509358,5262.79297744307,0.0119307305659392,"2022-02-15 04:21:09",0.1959,0.0028,11.3357,0,17.3821,0.3061,0.6499,5.4333,0.356,9.9889,0,0.0311,0.728,1.5709,0.3268,2.7906,0.0753,1.7471,0,0.1526,0.7487,7.5213,38.6568,3.8,"14.5",1391885000
"Indonesia",-0.7893,113.9213,4807778,145176,1757.71949143654,0.0301960697852521,"2022-02-15 04:21:09",0.0794,0.0309,6.2575,9e-04,24.3918,0.4911,3.9386,5.5134,1.0316,0.5943,0.0026,0.1702,2.2113,0.0988,0.1508,4.6343,0.0406,1.8481,0,0.0564,0.8579,3.8558,43.7438,6.9,"8.3",268419000
"Iran",32.427908,53.688046,6835221,133886,8137.85056467773,0.0195876621984863,"2022-02-15 04:21:09",7e-04,0.5369,7.9295,0.002,14.0141,0.4916,0.7813,7.9235,2.3965,3.5808,7e-04,0.1405,0.054,0.4729,0.0559,3.2877,0.1299,2.198,0,0.6421,0.7706,12.5207,42.0701,25.5,"4.9",83911000
"Iraq",33.223191,43.679291,2278582,24729,5664.94332786798,0.0108528023130175,"2022-02-15 04:21:09",0.1915,0.0423,6.2809,0,24.0855,1.2467,0.445,6.4975,2.5171,1.9902,0.3975,0.0396,0.3037,0.4807,0.0304,1.0842,0.1783,3.3755,0,0.1268,2.0139,4.9563,43.7165,27.4,"29",39310000
"Ireland",53.1424,-7.6921,1255571,6291,25427.7616977291,0.0050104693402444,"2022-02-15 04:21:09",7.5703,0.871,18.5712,5e-04,6.3057,0.4653,1.1942,3.3996,4.0102,11.9469,0.2951,0.0831,0.1733,0.1325,0.0362,3.5362,0.1855,4.0147,0,0.0836,0.7497,4.951,31.4242,26.9,"<2.5",4939000
"Israel",31.046051,34.851612,3451526,9624,39876.4906780524,0.00278833188566449,"2022-02-15 04:21:09",1.2876,0.1026,18.7463,0.0017,7.6277,0.5664,1.4696,6.3746,5.5003,10.9066,0.2602,0.2007,0.5233,0.364,0.0278,1.9975,0.2619,1.7747,0,0.2262,1.6743,8.8586,31.2472,26.7,"<2.5",8519000
"Italy",43.0462927204762,12.2259554842381,12134451,151296,19839.347955164,0.0124683020270138,"2022-02-15 04:21:09",3.1892,0.2834,19.0329,5e-04,8.5417,0.6247,1.5816,6.0207,4.2963,12.1258,0.0403,0.1194,0.1836,0.2781,0.0064,1.9043,0.2946,1.7175,0,0.423,1.4224,6.9463,30.9671,22.9,"<2.5",60345000
"Jamaica",18.1096,-77.2975,127163,2750,4294.36292048963,0.0216257873752585,"2022-02-15 04:21:09",2.4636,0.2074,11.9958,0.0074,8.5031,0.1457,1.8692,8.0661,4.3372,5.217,0.6952,0.2111,0.999,0.2177,0.3752,4.5837,0.1677,4.6889,0,0.011,0.7584,6.4772,38.0023,24.4,"8",2811000
"Japan",35.3441688297872,136.001173744681,3975513,20516,2150.5964161333,0.00516059185317719,"2022-02-15 04:21:09",4.044,0.0751,15.3194,0.1088,12.1692,1.696,3.9283,2.8618,4.2599,5.063,0.2962,0.1883,0.7737,0.1287,0.1036,2.2072,0.3731,2.2055,0.228,0.0812,1.3445,7.8669,34.6776,4.4,"<2.5",126180000
"Jordan",31.24,36.51,1490473,13532,14607.9834247104,0.00907899707005763,"2022-02-15 04:21:09",0.0846,0.1162,9.3186,0,14.138,0.3344,0.5985,4.6624,3.8651,4.2637,0.3579,0.1397,0.728,0.6393,0.0469,2.1431,0.3742,4.7276,0,0.1652,1.9861,10.6308,40.6798,33.4,"12.2",10439000
"Kazakhstan",48.0196,66.9237,1379972,18781,7349.38240235628,0.0136096964286232,"2022-02-15 04:21:09",2.1919,0.3611,19.1598,0,6.5119,0.4584,0.2393,3.2145,3.4501,14.3591,0.2967,0.2914,0.1154,0.0255,0.0106,5.4755,0.1319,1.456,0,0.0845,1.1215,10.2055,30.8394,21.3,"<2.5",18509000
"Kenya",-0.0236,37.9062,322497,5632,599.756747558642,0.0174637283447598,"2022-02-15 04:21:09",1.9664,0.1175,11.4394,0,15.1221,0.1447,0.4329,4.6941,1.7336,8.7987,0.025,0.211,0.2686,1.751,0.0174,7.5828,0.223,1.8098,0,0.0892,0.6689,4.345,38.5589,6,"29.4",52574000
"Kiribati",-3.3704,-168.734,2582,3,2195.46621770998,0.00116189000774593,"2022-02-15 04:21:09",0.297,0.0486,8.8958,0,8.2747,0.164,6.1065,5.8907,2.3856,0.1561,0.5104,0.035,9.9946,0.0032,0.0064,7.183,0.0311,4.1373,0,0.1951,0.4419,4.1389,41.1042,45.6,"2.7",123000
"Korea, South",35.907757,127.766922,1462421,7163,2852.43671622386,0.00489804235579221,"2022-02-15 04:21:09",4.8669,0.2553,11.8174,1.6794,11.7286,0.6414,3.4396,3.6993,4.4239,1.1394,0,0.2378,0.5632,0.072,0.0288,0.9799,0.0945,2.4835,6e-04,0.1664,1.1663,12.3349,38.181,4.9,"<2.5",51846000
"Kuwait",29.31166,47.481766,603869,2521,14140.266751714,0.00417474650959066,"2022-02-15 04:21:09",0.0044,0.0022,10.7213,0.0022,11.4132,1.3306,0.8343,5.3058,4.877,3.4788,0.8554,0.1969,0.2783,0.4353,0.202,3.2296,0.2696,2.9163,0.0276,0.1512,1.1976,12.9953,39.275,37,"2.8",4207000
"Kyrgyzstan",41.20438,74.766098,200066,2930,3066.52579607188,0.0146451670948587,"2022-02-15 04:21:09",0.6313,0.191,15.4588,0,10.1059,0.2653,0.07,2.2846,1.8707,12.8008,0.2076,0.2604,0.0098,0.3439,0.0197,5.8068,0.0608,3.2495,0,0.1449,0.355,11.3219,34.5412,15.4,"7.1",6457000
"Laos",19.85627,102.495496,139244,597,1913.86060391811,0.0042874378788314,"2022-02-15 04:21:09",0.7883,0.0979,3.6579,6e-04,16.3943,0.1063,1.4213,8.8158,1.7111,0.1632,0.3404,0.1581,0.3584,0.1485,0.1317,3.4835,0.9869,1.1101,1.9254,0.0028,0.2149,11.641,46.3416,4.5,"16.5",7135000
"Latvia",56.8796,24.6032,522766,5029,27715.2712169746,0.00961998293691633,"2022-02-15 04:21:09",5.4573,1.1805,18.8216,5e-04,6.3952,0.6645,1.3226,2.5738,3.6559,11.8285,0.2596,0.1686,0.1107,0.0032,0.0122,6.5835,0.1963,2.6169,0,0.0793,0.699,6.1946,31.1757,25.7,"<2.5",1913000
"Lebanon",33.8547,35.8623,1020204,9855,14947.0759549345,0.00965983273933449,"2022-02-15 04:21:09",0.7164,0.0796,8.0679,0,11.8253,0.173,0.7091,6.9852,1.9469,5.0748,0.0747,0.0853,0.5052,0.5011,0.0406,3.2676,0.3647,5.1366,0,0.5271,1.4807,10.5128,41.9252,31.3,"11",6856000
"Lesotho",-29.61,28.2336,32434,696,1514.0142242836,0.0214589628167972,"2022-02-15 04:21:09",3.4135,0.0233,6.0914,0,23.4645,0.1204,0.2383,1.8065,2.529,2.7893,0.3898,0.3924,0.0725,1.1603,0.1165,7.1935,0.0363,2.2079,0,0.0052,0.6786,3.3721,43.8988,13.5,"13.1",2125000
"Liberia",6.428055,-9.429499,7359,290,145.501581061819,0.0394075281967659,"2022-02-15 04:21:09",1.0338,0.0264,3.7603,0,16.1465,0.1598,0.7764,5.3606,2.4123,0.1545,0.2997,0.2311,0.4159,0.0977,0.0013,15.3608,0.0132,1.1236,1.1804,0.0779,1.9567,3.1728,46.2383,8.6,"37.2",4937000
"Lithuania",55.1694,23.8813,820131,8134,30126.5000692431,0.00991792774568941,"2022-02-15 04:21:09",5.5419,0.5316,23.049,9e-04,6.4732,0.7,1.5431,2.4007,3.7899,16.3529,0.0126,0.1301,0.0867,0.4388,0.0546,2.2766,0.2164,4.502,0,0.055,0.4924,4.4045,26.9471,28.4,"<2.5",2787000
"Luxembourg",49.8153,6.1296,174856,976,27933.3392973533,0.00558173582833875,"2022-02-15 04:21:09",8.0858,0.5443,14.6038,0.0051,5.1366,0.7875,1.6249,4.4841,4.0469,7.4929,0.3877,0.1036,0.1658,0.0399,0.0586,2.2067,1.2823,8.1121,0,0.0308,0.563,4.8536,35.3838,24.2,"<2.5",620000
"Madagascar",-18.766947,46.869107,62844,1335,226.947227908081,0.0212430780981478,"2022-02-15 04:21:09",0.7972,0.0415,4.9125,0.0024,19.9604,0.077,0.6267,5.0701,1.4618,2.5031,0.0782,0.2002,0.1848,0.3708,0.0486,14.4675,0.2085,1.0922,0.5852,0.0261,0.3115,1.8871,45.0869,4.5,"44.4",26969000
"Malawi",-13.2543,34.3015,85033,2598,444.501829722025,0.0305528441899027,"2022-02-15 04:21:09",1.1827,0.0814,2.7754,0,10.6197,0.0829,0.697,8.4723,1.4923,0.2524,0.0396,0.1695,0.5436,1.1841,0.0139,20.2901,0.0389,0.6412,0,0.0161,0.204,3.9786,47.2242,4.7,"17.5",18629000
"Malaysia",4.1359,104.07559375,3064575,32149,9102.16992240918,0.010490524787287,"2022-02-15 04:21:09",0.8948,0.0882,12.6354,0.0204,17.3088,1.6596,5.3482,4.1713,4.9092,0.53,0.1541,0.0789,0.5801,0.2617,0.4502,1.6568,0.1012,3.903,0,0.0835,1.6336,6.1678,37.3632,15.3,"2.5",32753000
"Maldives",3.2028,73.2207,160076,289,29613.9800422539,0.00180539243859167,"2022-02-15 04:21:09",0.6859,0.0029,14.2704,0.0068,11.5385,1.1422,8.7959,6.0777,2.0051,2.3155,3.0315,0.0019,0.2082,0.0808,0.3434,1.6403,0.396,2.979,0.1002,0.7569,0.1819,7.718,35.7208,7.9,"10.3",535000
"Mali",17.570692,-3.996166,30266,716,149.455573039609,0.0236569087424833,"2022-02-15 04:21:09",2.8904,0.0444,10.1637,0,19.8566,0.0573,0.7543,3.8991,1.9124,7.1206,0.1841,0.2746,0.491,0.7955,0.0638,2.6772,0.0614,0.8811,0,0.2374,0.5144,7.2943,39.8262,7.1,"6.3",19658000
"Malta",35.9375,14.3754,70089,592,15873.7959727227,0.00844640385795203,"2022-02-15 04:21:09",3.9051,0.2062,13.6092,0.0017,7.8996,0.6714,1.7922,4.631,4.6096,6.2546,0.0315,0.0747,0.2899,0.2197,0.0331,2.059,0.2101,5.2164,0,0.1236,0.486,11.2856,36.3899,31,"<2.5",5e+05
"Mauritania",21.0079,-10.9408,58575,973,1259.76953153564,0.0166111822449851,"2022-02-15 04:21:09",0.0055,0.1127,15.0193,0,20.4873,0.2539,1.0025,1.2991,3.3994,9.825,0.7519,0.4279,0.0799,1.0999,0.0066,1.0168,0.3677,4.3166,0,0,1.5716,3.9784,34.9779,11.3,"10.4",4526000
"Mauritius",-20.348404,57.552152,70862,786,5571.93259457118,0.0110919815980356,"2022-02-15 04:21:09",3.0805,0.0074,9.27,0.0102,17.1855,0.591,2.1303,3.568,4.6992,1.7166,1.0545,0.1173,0.4479,0.856,0.1847,1.8348,0.1625,3.568,0,0.0369,2.049,6.7122,40.7175,11.5,"6.5",1266000
"Mexico",21.720234375,-100.5272875,5292706,312819,4362.85555750564,0.0591037930313907,"2022-02-15 04:21:09",4.4105,0.1672,15.1527,0.0201,11.4325,1.2967,0.9656,7.6794,4.3561,7.9917,0.0275,0.3552,0.1947,0.7071,0.1121,1.1644,0.0248,3.2266,0,0.1121,0.6856,5.0713,34.8456,28.4,"3.6",126577000
"Moldova",47.4116,28.3699,485563,10962,12036.8729212439,0.0225758552443246,"2022-02-15 04:21:09",3.8296,0.4339,16.5343,0,11.6462,0.6795,0.991,3.4256,3.2622,10.9992,0.5083,0.1694,0.0616,0.0642,0.0068,3.9066,0.083,2.6632,0,0.018,0.825,6.4285,33.464,20.1,NA,3543000
"Mongolia",46.8625,103.8467,885554,2148,27012.6639115735,0.00242560024572189,"2022-02-15 04:21:09",3.143,0.3846,25.8904,0,10.1415,0.3727,0.044,1.0413,8.0929,15.856,0.5962,1.1411,0.0266,0.0366,0.0037,2.6155,0.1401,1.468,0,0.0137,0.555,4.3326,24.1046,19.6,"13.4",3269000
"Montenegro",42.708678,19.37439,226692,2638,36093.8888198936,0.011636934695534,"2022-02-15 04:21:09",2.2188,0.2067,22.8328,0.0014,5.0447,0.5542,0.6472,5.7297,3.3604,17.9487,0.847,0.1132,0.0865,0.2113,0.0175,1.1955,0.2605,6.0418,0,0.0948,0.4258,5.0001,27.1612,24.9,"<2.5",622000
"Morocco",31.7917,-7.0926,1155534,15802,3130.63270406261,0.013675062784825,"2022-02-15 04:21:09",0.287,0.1449,8.4754,0,18.7029,0.4848,1.3901,7.211,2.5074,3.754,0.0079,0.1949,0.1892,0.3306,0.1185,3.4356,0.2042,2.6816,0,0.2549,0.8168,7.286,41.5224,25.6,"3.4",35587000
"Mozambique",-18.665695,35.529562,224719,2189,718.975755736562,0.00974105438347447,"2022-02-15 04:21:09",1.2195,0.0297,4.0111,0,13.1904,0.1932,1.1353,2.8312,0.9302,1.6385,0.1565,0.0852,0.1258,1.2809,0.004,22.2864,0.105,1.0649,0,0.2011,0.7509,2.7738,45.9864,6,"27.9",30366000
"Namibia",-22.9576,18.4904,156810,3995,6171.39645702573,0.0254766915375295,"2022-02-15 04:21:09",5.4716,0.1134,9.6094,0.0053,9.9189,0.1196,1.0164,3.1266,2.6844,5.4479,0.7228,0.2207,0.0818,0.7298,0.1266,12.8231,0.0888,3.9848,9e-04,0.0114,0.9531,2.3626,40.38,15,"27.3",2495000
"Nepal",28.1667,84.25,973541,11900,3341.2754066952,0.0122234194553696,"2022-02-15 04:21:09",0.3318,0.0312,5.4355,0,18.1511,0.1435,0.205,4.7443,0.9817,3.9212,0.0594,0.1536,0.0594,0.9107,0.4195,6.0521,0.0319,0.547,3.0677,0.0978,0.8209,9.277,44.5576,3.8,"8.7",28609000
"Netherlands",42.6255485,-12.72988475,5878310,21973,30154.5886032527,0.0037379791130444,"2022-02-15 04:21:09",4.3903,0.3343,24.2977,0.0111,4.9685,0.747,1.1517,4.923,4.0105,18.0051,0,0.0397,0.1111,0.0852,0.064,4.2639,0.2904,2.3446,0,0.1587,0.8485,3.2587,25.6959,23.1,"<2.5",17335000
"New Zealand",-31.06865,7.55414999999999,22330,53,237.238708213544,0.00237348858038513,"2022-02-15 04:21:09",5.222,0.7446,17.5777,0.017,7.7522,0.7067,1.6771,4.0202,6.8421,7.4627,0,0.1275,0.3296,0.2414,0.0495,3.3719,0.2374,3.8188,0.0109,0.1499,0.5364,6.6889,32.4155,32,"<2.5",4973000
"Nicaragua",12.865416,-85.207229,17791,222,268.561475987666,0.0124782193243775,"2022-02-15 04:21:09",1.7194,0.0836,13.1538,0.003,16.8052,0.549,0.6557,3.8377,3.1044,8.5527,0.6658,0.2055,0.3354,1.3618,0.006,1.9118,0.005,5.7021,0,0.003,0.9227,3.5808,36.8356,21.8,"17",6546000
"Niger",17.607789,8.081666,8712,303,35.9901309706975,0.0347796143250689,"2022-02-15 04:21:09",0.0558,0.1185,7.2385,0,22.2843,0.0239,0.2022,2.5503,1.2702,5.4224,0.0687,0.2022,1.4804,3.4838,0.0807,1.3489,0.0349,0.3666,0,0,0.3975,10.6117,42.7585,4.7,"16.5",23311000
"Nigeria",9.082,8.6753,254016,3141,123.225239604269,0.0123653628117914,"2022-02-15 04:21:09",4.0037,0.0151,1.7391,0,10.922,0.1976,0.7239,4.4268,0.5675,0.173,0.0437,0.0627,0.4763,0.8311,0.1715,19.5271,0.0064,0.6501,0,0.0841,0.8573,6.2627,48.2585,7.8,"13.4",200964000
"North Macedonia",41.6086,21.7453,287481,8768,13798.7789073525,0.0304994069173267,"2022-02-15 04:21:09",1.9045,0.3784,12.0639,0,7.3937,0.2847,0.3507,5.0893,2.0683,8.8045,0.2959,0.1773,0.3253,0.2847,0.1288,3.6779,0.2474,2.9104,0,0.1796,0.9505,14.5512,37.933,23.9,"3.2",2078000
"Norway",60.472,8.4689,1049811,1513,19364.7691801989,0.00144121179907621,"2022-02-15 04:21:09",3.7939,0.6119,21.1992,5e-04,5.9777,0.6194,2.7466,4.2801,3.6083,13.5227,3.6634,0.0893,0.3113,0.3204,0.0235,2.8097,0.4819,2.2652,0,0.099,0.8697,3.9131,28.7933,25,"<2.5",5345000
"Oman",21.512583,55.923255,367679,4211,7200.04339463544,0.0114529249698786,"2022-02-15 04:21:09",0.2621,0.0571,13.5101,0,9.6835,0.5741,2.0105,9.787,3.0531,7.6265,0.0423,0.1888,0.1338,0.2776,0.2297,1.6984,0.1395,2.5903,0.0077,0.0521,0.6995,10.8902,36.486,22.9,"6.8",4695000
"Pakistan",31.8741785714286,71.5652345714286,1488958,29828,1626.76892838474,0.0200328014624993,"2022-02-15 04:21:09",0.0085,0.0969,22.2758,0.0011,14.6224,0.3577,0.1831,2.4099,1.7957,19.6466,0.0117,0.1969,0.3577,0.6993,0.1618,1.8202,0.5258,2.6707,1.7915,0.0852,0.3417,2.2173,27.7226,7.8,"20.3",216565000
"Panama",8.538,-80.7821,742854,7950,17216.5455941084,0.0107019683544815,"2022-02-15 04:21:09",6.6254,0.2467,12.3346,0.0031,14.2627,0.4604,1.005,6.6783,4.98,5.353,0.7431,0.2873,0.4589,0.4129,0.0153,1.3758,0.1195,4.2277,0,0.036,0.7645,1.948,37.6619,22.5,"10",4219000
"Paraguay",-23.4425,-58.4438,626355,17964,8781.6665334741,0.0286802212802644,"2022-02-15 04:21:09",3.9095,0.2191,11.2654,0,7.5639,0.9035,0.3119,5.4532,4.0434,5.3208,0.1788,0.4675,0.2745,0.6185,0.0082,12.5302,1.0112,2.4084,0,0.0015,1.0733,3.7113,38.726,19,"10.7",7156000
"Peru",-10.63732404,-75.2777438,3449712,208466,9267.76592305095,0.0604299721252093,"2022-02-15 04:21:09",3.8623,0.0316,8.6638,0.0014,11.814,0.6431,1.7993,8.5783,1.754,4.0729,0.0719,0.3629,0.2458,0.6367,0.0172,8.7924,0.2501,1.7339,0,0.023,0.5066,4.8044,41.3344,19.1,"9.7",31781000
"Philippines",12.879721,121.774017,3639942,55094,3321.68822748926,0.0151359554630266,"2022-02-15 04:21:09",1.9716,0.3074,6.7108,0,20.0498,0.3527,2.4506,8.5466,3.2257,0.1045,0.1925,0.2717,0.5425,0.1106,0.034,2.8773,0.5399,2.3774,0,0.1838,0.4119,5.4481,43.2905,6,"13.3",108117000
"Poland",51.9194,19.1451,5388907,108137,14238.8121735094,0.0200665923535144,"2022-02-15 04:21:09",6.8201,0.9842,16.559,0,7.9033,0.3702,0.5845,3.0079,4.85,9.7542,0,0.017,0.0798,0.1099,0.0202,5.5631,0.1509,2.4775,0,0.0476,0.3959,6.8655,33.439,25.6,"<2.5",38400000
"Portugal",39.3999,-8.2245,3093723,20565,30340.4128411261,0.00664733074034101,"2022-02-15 04:21:09",4.7147,0.4077,18.6614,5e-04,6.2984,0.4053,2.7295,6.5126,4.5168,10.3936,0.1393,0.2079,0.0965,0.1618,0.0173,3.106,0.2684,1.7316,0,0.2319,0.7246,7.3366,31.3374,23.2,"<2.5",10269000
"Romania",45.9432,24.9668,2574384,61676,13381.98645762,0.0239575758705772,"2022-02-15 04:21:09",4.7679,0.3474,15.9287,0,8.0412,0.6848,0.2844,4.2115,3.0499,11.4018,0.2567,0.1594,0.0974,0.1045,0.1274,4.713,0.1398,1.4126,0,0.1093,0.7301,9.3641,34.0679,24.5,"<2.5",19361000
"Russia",54.5463118319277,62.1208602339759,14102736,334093,9486.91274935797,0.0236899421502324,"2022-02-15 04:21:09",3.7425,0.2486,16.1525,0.0023,8.2803,0.9029,1.1312,3.162,4.318,9.3253,0.0118,0.2249,0.1319,0.1426,0.0118,6.3194,0.1809,4.6144,0,0.0118,0.8663,6.3713,33.8472,25.7,"<2.5",146731000
"Rwanda",-1.9403,29.8739,129311,1452,998.370239393141,0.0112287431077016,"2022-02-15 04:21:09",1.3631,0.0186,2.6366,0,3.538,0.0269,0.5279,15.7285,0.6257,1.3521,0.0283,0.0855,0.2233,2.5036,0.0179,20.4415,0.011,0.5782,0,0,0.2109,2.7193,47.3634,4.8,"36.8",12627000
"Saint Kitts and Nevis",17.357822,-62.782998,5505,40,10349.3006467138,0.0072661217075386,"2022-02-15 04:21:09",4.0867,0.1735,14.0252,0,6.3135,0.3868,3.4174,7.5449,7.8207,1.895,1.5442,0.3318,0.947,0.5422,0.0901,2.715,0.0749,6.4623,0,0.0673,1.385,4.209,35.9677,23.1,NA,53000
"Saint Lucia",13.9094,-60.9789,22121,347,12046.5721645274,0.0156864517878939,"2022-02-15 04:21:09",7.8024,0.0252,14.8893,9e-04,7.2091,0.3326,3.0652,5.9453,8.17,2.8881,1.6054,0.4063,0.6274,0.5663,0.178,2.6427,0.0602,3.7043,0,0.0575,0.6103,4.1169,35.0964,19.8,NA,180000
"Saint Vincent and the Grenadines",12.9843,-61.2872,8246,103,7432.37762174732,0.0124909046810575,"2022-02-15 04:21:09",2.526,0.022,11.0865,0,9.0142,0.3412,1.3785,10.471,6.9184,2.2593,1.9325,0.1672,0.1049,0.6452,0.2113,4.3734,0.2933,3.4592,0,0.0357,0.7227,5.1371,38.9005,23.8,"5.7",111000
"Samoa",-13.759,-172.1046,33,0,16.8255748738082,0,"2022-02-15 04:21:09",1.4236,0.2262,11.163,0.1236,3.6768,0.1314,2.7788,10.7845,5.7993,1.9647,0.7751,0.1398,10.5187,0,0.0582,7.6944,0.1344,2.0811,0.0036,0.0108,0.5117,1.1656,38.8349,45.5,"2.7",199000
"Sao Tome and Principe",0.1864,6.6131,5920,71,2701.21052559534,0.0119932432432432,"2022-02-15 04:21:09",1.5187,0.022,4.1199,0,7.3796,0.0562,2.3033,18.2736,1.2054,0.5152,0.424,0.0187,9.9865,0.3109,0.0293,3.7154,0.0073,2.5939,0,0.0024,0.7805,0.857,45.8801,10.6,"7",206000
"Saudi Arabia",23.885942,45.079162,730614,8974,2098.62926172493,0.0122828196557964,"2022-02-15 04:21:09",0,0.3917,12.9962,0,16.3284,0.6003,1.0369,7.0413,4.9529,5.8598,0.669,0.1547,0.1492,0.4768,0.2434,1.4542,0.205,2.8571,9e-04,0.1135,1.7626,5.7024,37.0038,35,"7.1",34218000
"Senegal",14.4974,-14.4524,85440,1957,510.274469613764,0.0229049625468165,"2022-02-15 04:21:09",0.3209,0.0353,5.3434,0,25.9204,0.1878,2.0588,2.3456,1.6081,1.2496,0.0148,0.206,0.7637,0.4712,0.0717,2.6177,0.1161,2.0941,0,0.1047,1.9325,7.8951,44.6423,7.4,"11.3",16296000
"Serbia",44.0165,21.0059,1848040,14494,21150.9870819251,0.00784290383325036,"2022-02-15 04:21:09",4.392,0.2524,16.7466,0,9.7485,0.6322,0.4148,5.9753,3.5893,11.619,0.0067,0.2389,0.1322,0.1805,0.0242,2.545,0.243,2.0255,7e-04,0.1268,0.4644,7.3941,33.2476,23.5,"5.7",6945000
"Sierra Leone",8.460555,-11.779889,7652,125,95.9259670163602,0.0163355985363304,"2022-02-15 04:21:09",0.3009,0.0067,5.6877,0,19.9349,0.1343,2.5044,3.2119,0.7837,2.1711,0.2504,0.0857,0.5999,0.8913,0.0638,12.4228,0.0762,0.6323,0,0.1,1.276,4.5526,44.3138,7.5,"25.6",7813000
"Slovakia",48.669,19.699,1870119,18105,34253.5033884084,0.00968120210532057,"2022-02-15 04:21:09",6.1266,1.3559,18.9841,0,5.4026,0.939,0.7045,3.5463,4.3096,11.4696,0.029,0.2055,0.2055,0.0973,0.0421,3.6814,0.2513,5.5166,0,0.1118,1.438,4.5601,31.0231,22.4,"3.4",5454000
"Slovenia",46.1512,14.9955,851416,6099,40954.4900939521,0.00716336080130042,"2022-02-15 04:21:09",4.9933,1.1248,18.9196,5e-04,7.6345,0.5376,0.6515,6.4367,4.161,12.2569,0.6133,0.1879,0.1285,0.1106,0.0561,2.6837,0.2615,2.4915,0,0.1972,0.4739,5.002,31.0774,22.5,"<2.5",2088000
"Solomon Islands",-9.6457,160.1562,4827,61,739.364455976644,0.0126372488087839,"2022-02-15 04:21:09",0.8298,0.1038,3.8504,0.0121,9.0233,0.0826,2.284,3.2798,0.8897,0.438,0.5585,0.0394,5.0334,0.7366,0.0364,24.25,0.0856,0.8268,0,0.0356,0.3327,1.1223,46.1492,20.5,"8.9",699000
"South Africa",-30.5595,22.9375,3642905,97250,6142.27864415822,0.0266957277227927,"2022-02-15 04:21:09",6.2658,0.0593,11.8433,9e-04,17.1035,0.594,0.5365,1.9355,5.3933,4.8155,9e-04,0.4448,0.2462,0.1546,0.0539,2.8503,0.1321,4.4677,0,0.0108,1.1726,3.7632,38.1554,27,"6.2",58616000
"Spain",39.7636925263158,-3.68276589473684,10672906,96596,23345.7398556912,0.00905058097579047,"2022-02-15 04:21:09",5.3152,0.2357,18.3382,0.0011,6.0548,0.7321,2.2646,4.8332,5.3456,9.5991,0,0.1605,0.265,0.2666,0.0069,3.0975,0.2229,1.8482,0,0.4287,1.5122,7.8139,31.6581,27.1,"<2.5",47073000
"Sri Lanka",7.873054,80.771797,629347,15844,2939.05409034126,0.0251753007482359,"2022-02-15 04:21:09",0.681,0.0147,5.5328,0.0039,20.7839,0.4178,3.0173,4.1171,0.8845,1.0948,0.0303,0.0998,7.1364,0.9608,0.5244,1.9793,0.2818,2.7209,0,0.135,0.2466,4.8753,44.4618,5.4,"9",21898000
"Sudan",12.8628,30.2176,59903,3831,136.611171328763,0.0639533913159608,"2022-02-15 04:21:09",0,0.0958,13.1178,0,12.9192,0.1176,0.1018,7.0919,2.1133,10.4116,0.0741,0.2796,0.492,1.0631,0.0405,1.9167,0.1502,3.1231,0.7262,0,0.9366,8.3477,36.8813,7.4,"20.1",42813000
"Suriname",3.9193,-56.0278,77203,1303,13160.3350641115,0.0168775824773649,"2022-02-15 04:21:09",4.1704,0.0438,6.7984,0,13.9476,0.5407,1.4348,8.6872,3.6451,1.0789,1.2414,0.0576,0.6757,0.1719,0.0224,2.4553,0.0903,4.7051,0.3207,0.0155,1.3351,5.3705,43.1917,26.5,"8.5",602000
"Sweden",59.6806428571429,15.736519047619,2397330,16501,22504.9004483468,0.006883074086588,"2022-02-15 04:21:09",4.4232,1.0442,24.0627,0,6.1923,0.7266,1.7659,3.5405,4.1476,16.3687,0.4623,0.0086,0.1712,0.0937,0.0484,2.8343,0.5533,2.5211,0,0.0996,0.3967,4.611,25.9282,22.1,"<2.5",10286000
"Switzerland",46.8182,8.2275,2586724,12963,29888.3671122168,0.00501135799567329,"2022-02-15 04:21:09",4.9978,0.4802,22.4227,0.0022,5.9818,0.5377,0.9109,4.6041,3.6314,16.706,0,0.1549,0.1124,0.0995,0.0382,2.1542,0.3727,2.9737,0,0.2377,1.0637,4.9478,27.5705,21.2,"<2.5",8572000
"Taiwan*",23.7,121,19621,851,82.3831102237813,0.0433718974568065,"2022-02-15 04:21:09",2.7663,0.1577,12.1312,0.0281,10.0808,1.09,2.3182,8.3904,6.0558,2.3299,0.1874,0.1507,1.0736,0.2077,0.1023,0.8565,0.1374,2.3455,0.2826,0.4185,1.8271,9.1938,37.8684,NA,"3.5",23593000
"Tajikistan",38.861,71.2761,17773,125,186.345849424837,0.00703314015641704,"2022-02-15 04:21:09",0.1423,0.0018,7.2363,0,13.3691,0.2255,0.0342,3.7863,1.5221,5.2373,0.2089,0.2144,0.1349,0.2486,0.0305,2.9278,0.0555,1.6607,0,0.0582,0.8419,19.2995,42.7642,12.6,NA,9221000
"Tanzania",-6.369028,34.888822,33436,792,55.9746221148004,0.0236870439047733,"2022-02-15 04:21:09",4.5185,0.0403,4.8022,0,10.4453,0.03,0.5828,6.8147,0.7902,3.3606,0.0214,0,1.2839,2.1761,0.0274,13.937,0.03,1.0345,0,0.042,0.9136,3.952,45.1973,7.1,"30.7",58005000
"Thailand",15.870032,100.992541,2622600,22489,3757.30777450961,0.0085750781667048,"2022-02-15 04:21:09",3.6223,0.0902,7.7828,0.0325,17.5571,1.1143,2.6297,8.3291,2.4675,1.3279,0.009,0.1199,1.2775,0.2344,0.6626,1.8887,0.1262,4.0424,0,0.0938,0.7816,3.5962,42.2145,10.8,"7.8",66374000
"Timor-Leste",-8.874217,125.727539,21748,124,1649.52269421029,0.00570167371712341,"2022-02-15 04:21:09",0.4459,0.0897,5.4983,0,26.332,0.1025,1.0225,2.1027,4.0376,0.1307,0.8905,0.1153,0.5612,0.9098,0.05,5.5022,1.0136,2.8203,0,0.0013,0.6842,3.1867,44.503,2.9,"24.9",1293000
"Togo",8.6195,0.8248,36660,271,442.821169460994,0.00739225313693399,"2022-02-15 04:21:09",1.0144,0.0292,3.6702,0,15.8144,0.1067,1.3178,0.91,1.4133,0.7246,0.7448,0.0775,0.4718,1.7626,0.0595,20.0654,0.0843,1.8312,0,0,1.4099,2.1637,46.3287,7.1,"16.1",8082000
"Trinidad and Tobago",10.6918,-61.2225,120895,3531,8638.49785386258,0.0292071632408288,"2022-02-15 04:21:09",2.4881,0.2804,12.7835,0,13.0903,0.4044,2.3299,4.9733,6.7063,2.8789,0.2413,0.1837,1.2016,0.8939,0.2305,3.5148,0.0899,5.62,0,0.0928,1.2563,3.5256,37.2145,19.7,"5.5",1362000
"Tunisia",33.886917,9.537499,967052,27119,8182.44569711958,0.0280429594272076,"2022-02-15 04:21:09",0.7037,0.2083,9.6312,0,12.0523,0.4508,0.7615,5.4307,1.6411,6.4775,0.0116,0.0926,0.2031,0.4311,0.1065,1.7724,0.1979,2.0832,0,0.3489,1.2551,15.7731,40.3673,27.3,"4.3",11665000
"Turkey",38.9637,35.2433,12984953,90808,15396.1307160299,0.00699332527426168,"2022-02-15 04:21:09",0.6474,0.1459,12.3156,0,9.708,0.3956,0.2582,6.8321,2.0694,9.3619,0.0101,0.0857,0.272,0.682,0.1251,2.4947,0.2002,1.7004,0,0.4664,1.0174,13.5284,37.6836,32.2,"<2.5",82607000
"United States of America",37.9342687153772,-91.4440832804489,77918466,922470,23367.2289717048,0.0118389137691699,"2022-02-15 04:21:09",4.8647,0.1681,21.2352,0.002,5.5048,0.786,1.1287,4.5432,6.2645,12.8657,0,0.0197,0.3246,0.1893,0.049,2.839,0.2458,3.32,0,0.1772,0.9889,5.7249,28.7587,37.3,"<2.5",329153000
"Uganda",1.373333,32.290275,162822,3579,355.965107890077,0.0219810590706416,"2022-02-15 04:21:09",6.1671,0.0352,5.6473,0,6.748,0.0815,1.0442,11.3112,0.8978,3.4755,0.0371,0.113,0.6338,2.3942,0.012,12.361,0.013,1.2601,0,0,0.744,2.6703,44.3536,4.1,"41",44270000
"Ukraine",48.8454296296296,30.7812740740741,4753922,109788,11157.7547260167,0.0230941946460207,"2022-02-15 04:21:09",2.625,0.1753,13.1214,6e-04,9.3613,0.8434,0.6821,2.9418,2.7425,8.5442,0.007,0.1339,0.0175,0.1099,0.0111,7.6721,0.0883,3.8811,0,0.0807,0.647,9.4361,36.8777,26.1,"3.5",42037000
"United Arab Emirates",23.424076,53.847818,869428,2287,8790.62525277036,0.00263046508739079,"2022-02-15 04:21:09",0,0.1896,10.5491,0,12.906,0.5958,1.9682,8.1938,4.94,2.6468,0.9471,0.2095,0.6133,2.1108,0.3194,0.8937,0.1649,3.6576,0,0.5838,0.7949,8.2695,39.4461,29.9,"2.6",9586000
"United Kingdom",28.1646465333333,-33.9664977333333,18475373,160166,20542.6984194716,0.00866916191624386,"2022-02-15 04:21:09",5.2632,0.2754,18.8798,6e-04,6.5412,0.621,1.0911,4.9551,4.4181,12.3684,0.6658,0.1056,0.224,0.2035,0.0653,5.1133,0.2461,2.4383,0,0.0901,0.7372,4.5851,31.1116,29.5,"<2.5",66833000
"Uruguay",-32.5228,-55.7658,782556,6778,22527.8497705778,0.0086613609760835,"2022-02-15 04:21:09",3.5664,0.21,17.8865,0,10.251,0.7764,0.6058,5.3746,3.7863,12.3906,0.3918,0.1168,0.277,0.1936,0.0144,3.044,0.6169,3.4102,0,0.0131,1.0337,3.9333,32.1076,28.9,"<2.5",3519000
"Uzbekistan",41.377491,64.585262,233761,1604,698.436195022175,0.00686170918160001,"2022-02-15 04:21:09",0.6835,0.1353,14.4463,0,10.5365,0.3566,0.1218,5.215,1.8621,11.7952,0.04,0.1748,0.0287,0.0022,0.0038,2.8891,0.0644,0.5796,0,0.0649,0.6109,14.8354,35.554,15.3,"6.3",33471000
"Vanuatu",-15.3767,166.9592,7,1,2.3916905835725,0.142857142857143,"2022-02-15 04:21:09",0.2424,0.0793,6.6244,0,6.4102,0.1875,2.1649,5.8103,2.7466,1.2692,0.2882,0.1776,12.1763,8e-04,0.0374,12.7275,0.0305,1.3645,0,0.0038,0.3674,3.9175,43.3737,23.5,"7.2",313000
"Venezuela",6.4238,-66.5897,505947,5549,1779.25170267784,0.0109675519372583,"2022-02-15 04:21:09",2.5952,0.0403,14.7565,0,12.9253,0.3389,0.9456,7.646,3.8328,9.392,0.0702,0.2078,0.0281,0.3342,9e-04,2.5643,0.1479,3.4106,0,9e-04,1.3734,4.1474,35.2416,25.2,"21.2",28516000
"Vietnam",14.058324,108.277199,2540273,39037,2609.72876500575,0.0153672459613593,"2022-02-15 04:21:09",1.4591,0.164,8.5765,0.0042,16.874,0.3077,2.6392,5.9029,4.4382,0.6069,0.0126,0.4149,0.841,0.2032,0.2074,1.0596,0.288,1.2846,0.815,0.307,0.2201,11.9508,41.4232,2.1,"9.3",95656000
"Yemen",15.552727,48.516388,11679,2107,39.1571532565179,0.180409281616577,"2022-02-15 04:21:09",0.0364,0.0446,5.7874,0,27.2077,0.2579,0.524,5.1344,2.7871,1.8911,0.2033,0.2827,0.0893,0.8645,0.0347,1.0794,0.2199,5.0468,0,0.0017,1.0811,3.2135,44.2126,14.1,"38.9",29162000
"Zambia",-13.133897,27.849332,309579,3938,1683.96290765709,0.0127205010675789,"2022-02-15 04:21:09",5.736,0.0829,6.0197,0,21.1938,0.3399,1.6924,1.0183,1.8427,1.757,0.2149,0.3048,1.8736,0.1756,0.0478,7.9649,0.0618,1.5632,0,0.0014,0.6657,3.4649,43.9789,6.5,"46.7",17861000
"Zimbabwe",-19.015438,29.154857,231603,5374,1558.25968868716,0.0232034990911171,"2022-02-15 04:21:09",4.0552,0.0755,8.1489,0,22.624,0.2678,0.5518,2.2,2.6142,4.431,0.2012,0.2086,0.4498,0.4261,0.0252,2.987,0.1494,4.6485,0,0.0518,1.7103,2.3213,41.8526,12.3,"51.3",14645000
